insert into system_id_entity(system_id, created_date, created_by, owned_by, version)
values ('8387227e-4df5-4408-a99b-12065eaf07fc', '2019-04-08 00:00:00', 'admin@example.com', 'admin@example.com', 0);

INSERT INTO as_national_identifier (system_id, national_identifier_file_id, national_identifier_record_id)
VALUES ('8387227e-4df5-4408-a99b-12065eaf07fc', '43d305de-b3c8-4922-86fd-45bd26f3bf01', null);

INSERT INTO as_unit (system_id, organisation_number)
VALUES ('8387227e-4df5-4408-a99b-12065eaf07fc', '03030303033');

insert into system_id_entity(system_id, created_date, created_by, owned_by, version)
values ('83f4a21f-9be9-446f-9f99-a202ca6daf93', '2019-04-08 00:00:00', 'admin@example.com', 'admin@example.com', 0);

INSERT INTO as_national_identifier (system_id, national_identifier_file_id, national_identifier_record_id)
VALUES ('83f4a21f-9be9-446f-9f99-a202ca6daf93', '43d305de-b3c8-4922-86fd-45bd26f3bf01', null);

INSERT INTO as_unit (system_id, organisation_number)
VALUES ('83f4a21f-9be9-446f-9f99-a202ca6daf93', '02020202022');

insert into system_id_entity(system_id, created_date, created_by, owned_by, version)
values ('71247e16-2495-414f-87ea-cd0651553bf1', '2019-04-08 00:00:00', 'admin@example.com', 'admin@example.com', 0);

INSERT INTO as_national_identifier (system_id, national_identifier_file_id, national_identifier_record_id)
VALUES ('71247e16-2495-414f-87ea-cd0651553bf1', '43d305de-b3c8-4922-86fd-45bd26f3bf01', null);

insert into system_id_entity(system_id, created_date, created_by, owned_by, version)
values ('dccbcf7a-ceb9-4fa7-9988-85d3398f3d99', '2019-04-08 00:00:00', 'admin@example.com', 'admin@example.com', 0);

INSERT INTO as_national_identifier (system_id, national_identifier_file_id, national_identifier_record_id)
VALUES ('dccbcf7a-ceb9-4fa7-9988-85d3398f3d99', '43d305de-b3c8-4922-86fd-45bd26f3bf01', null);

insert into system_id_entity(system_id, created_date, created_by, owned_by, version)
values ('b9ab48a9-9603-4ab0-893b-1fa2690ecb0e', '2019-04-08 00:00:00', 'admin@example.com', 'admin@example.com', 0);

INSERT INTO as_national_identifier (system_id, national_identifier_file_id, national_identifier_record_id)
VALUES ('b9ab48a9-9603-4ab0-893b-1fa2690ecb0e', '43d305de-b3c8-4922-86fd-45bd26f3bf01', null);

insert into system_id_entity(system_id, created_date, created_by, owned_by, version)
values ('266ccd47-355d-4570-9b69-cdc417d88ecc', '2019-04-08 00:00:00', 'admin@example.com', 'admin@example.com', 0);

INSERT INTO as_national_identifier (system_id, national_identifier_file_id, national_identifier_record_id)
VALUES ('266ccd47-355d-4570-9b69-cdc417d88ecc', '43d305de-b3c8-4922-86fd-45bd26f3bf01', null);

insert into system_id_entity(system_id, created_date, created_by, owned_by, version)
values ('34f5e699-9225-4874-8fc2-eb7bfc3522d7', '2019-04-08 00:00:00', 'admin@example.com', 'admin@example.com', 0);

INSERT INTO as_national_identifier (system_id, national_identifier_file_id, national_identifier_record_id)
VALUES ('34f5e699-9225-4874-8fc2-eb7bfc3522d7', '43d305de-b3c8-4922-86fd-45bd26f3bf01', null);

insert into system_id_entity(system_id, created_date, created_by, owned_by, version)
values ('0dbd77a7-fc08-4eee-9ae7-328274572e67', '2019-04-08 00:00:00', 'admin@example.com', 'admin@example.com', 0);

INSERT INTO as_national_identifier (system_id, national_identifier_file_id, national_identifier_record_id)
VALUES ('0dbd77a7-fc08-4eee-9ae7-328274572e67', '43d305de-b3c8-4922-86fd-45bd26f3bf01', null);
